{
  "per_eq": [
    [
      "I.6.20a",
      13.551319122314453,
      0.9993535332056861
    ],
    [
      "I.6.20",
      13.71418309211731,
      0.983657571396492
    ],
    [
      "I.12.5",
      17.683932781219482,
      0.9999999999997438
    ],
    [
      "I.25.13",
      31.09669542312622,
      0.9996896993345249
    ],
    [
      "I.14.3",
      31.86028742790222,
      0.9797555045082141
    ],
    [
      "II.3.24",
      33.62874245643616,
      0.9603685746758577
    ],
    [
      "I.27.6",
      32.51268744468689,
      0.8647014276628708
    ],
    [
      "I.26.2",
      30.84036421775818,
      0.9793834213666651
    ]
  ],
  "median_time": 30.9685298204422,
  "mean_r2": 0.9708637165187568,
  "median_r2": 0.9817065379523531
}