{
  "qwen36": {
    "copy_oneshot": {
      "circuit": "copy_oneshot",
      "tag": "qwen36",
      "n": 50,
      "feature_names": [
        "T",
        "L",
        "n_rep",
        "entropy_top50",
        "log_tok_id"
      ],
      "y_stats": {
        "mean": 0.07776264533400536,
        "std": 0.0930059238477488,
        "min": 0.009560949169099331,
        "max": 0.39465412497520447
      },
      "tautology_max_resid": 0.2762641571855313,
      "tautology_passes": true,
      "filter2_aborted_poly2": false,
      "poly": {
        "poly1_random": -0.06615098418168008,
        "poly2_random": -0.2183856533339803,
        "poly5_random": -0.06319997260217236,
        "poly1_pc1": -2.010487310393272,
        "poly2_pc1": -117.5618439491691,
        "poly5_pc1": -103.87079030609097
      },
      "eml": {
        "d3_random": {
          "mean": -0.18207472974909517,
          "std": 0.23449440402449154,
          "best": 0.2175920572759592,
          "best_expr": "+0.0317 + (+0.0000) * [eml(eml((x3 - x1), (x2 - x4)), (x1 - x5))]",
          "seeds": [
            0.2175920572759592,
            -0.2027921404839932,
            -0.5195906717377836,
            -0.2027914468998291,
            -0.2027914468998291
          ]
        },
        "d3_pc1": {
          "mean": -5.163778002384085,
          "std": 2.795075750202946,
          "best": 0.42637349799850466,
          "best_expr": "+0.0856 + (+0.0220) * [eml((x4 + x5), eml((x1 + x4), (x4 - x5)))]",
          "seeds": [
            -6.561327965473951,
            -6.5613210243685565,
            0.42637349799850466,
            -6.561308765405447,
            -6.5613057546709745
          ]
        },
        "d4_random": {
          "mean": -0.32431275402054904,
          "std": 0.4640575860619395,
          "best": 0.14239573388617632,
          "best_expr": "+0.1533 + (-0.0082) * [eml((x1 + x4), (x4 - x3))]",
          "seeds": [
            -1.1673703829433495,
            -0.4215632501324702,
            0.02776557598672713,
            0.14239573388617632,
            -0.2027914468998291
          ]
        },
        "d4_pc1": {
          "mean": -3.9830375168183743,
          "std": 2.29876880503177,
          "best": -0.5786955695510536,
          "best_expr": "+0.0284 + (+0.0071) * [eml((x3 - x5), (x1 - x4))]",
          "seeds": [
            -3.1370183468580493,
            -0.5786955695510536,
            -6.561327965473951,
            -6.561327965473951,
            -3.076817736734867
          ]
        },
        "best_key": "d3_pc1",
        "best_score": 0.42637349799850466
      },
      "best_eml_expr": "+0.0856 + (+0.0220) * [eml((x4 + x5), eml((x1 + x4), (x4 - x5)))]"
    },
    "factual": {
      "circuit": "factual",
      "tag": "qwen36",
      "n": 50,
      "feature_names": [
        "T",
        "L",
        "n_rep",
        "entropy_top50",
        "log_tok_id"
      ],
      "y_stats": {
        "mean": 0.44206473991274836,
        "std": 0.16449646367662174,
        "min": 0.05751817673444748,
        "max": 0.7347072958946228
      },
      "tautology_max_resid": 0.39624342165041704,
      "tautology_passes": true,
      "filter2_aborted_poly2": false,
      "poly": {
        "poly1_random": 0.9007186165973341,
        "poly2_random": 0.8959873724757257,
        "poly5_random": 0.8245508925178211,
        "poly1_pc1": 0.8505444807356277,
        "poly2_pc1": 0.7927648101179205,
        "poly5_pc1": 0.37202648180869313
      },
      "eml": {
        "d3_random": {
          "mean": 0.5389215649879004,
          "std": 0.18069802346939454,
          "best": 0.8359906823418157,
          "best_expr": "+0.3983 + (-0.0095) * [eml((x4 - x2), eml(eml((x5 - x4), x4), eml((x1 + x4), 1)))]",
          "seeds": [
            0.3982299534975058,
            0.8359906823418157,
            0.3982299534975058,
            0.3982299534975058,
            0.6639272821051689
          ]
        },
        "d3_pc1": {
          "mean": -0.41065849772227336,
          "std": 1.904130110193214,
          "best": 0.8582286696537204,
          "best_expr": "+0.6029 + (-0.1233) * [eml((x3 - x2), eml((x3 - x4), 1))]",
          "seeds": [
            -4.05710769794615,
            0.8540385681632364,
            0.8582286696537204,
            -0.5624625861476016,
            0.8540105576654278
          ]
        },
        "d4_random": {
          "mean": -2.1596805522404092,
          "std": 5.5479428757355596,
          "best": 0.8876292917512557,
          "best_expr": "+0.5954 + (-0.1353) * [eml(x2, eml((x2 - x4), 1))]",
          "seeds": [
            0.5301680452885273,
            0.6639272821051689,
            0.37025374670219613,
            -13.250381127049195,
            0.8876292917512557
          ]
        },
        "d4_pc1": {
          "mean": -0.510813496679556,
          "std": 1.8532983299565533,
          "best": 0.8582286696537204,
          "best_expr": "+0.6029 + (-0.1233) * [eml((x3 - x2), eml((x2 - x4), 1))]",
          "seeds": [
            -4.05710769794615,
            0.4103022432984855,
            0.8540385681632364,
            -0.6195292665670724,
            0.8582286696537204
          ]
        },
        "best_key": "d4_random",
        "best_score": 0.8876292917512557
      },
      "best_eml_expr": "+0.5954 + (-0.1353) * [eml(x2, eml((x2 - x4), 1))]"
    },
    "induction": {
      "circuit": "induction",
      "tag": "qwen36",
      "n": 56,
      "feature_names": [
        "T",
        "L",
        "n_rep",
        "entropy_top50",
        "log_tok_id"
      ],
      "y_stats": {
        "mean": 0.9585970310228211,
        "std": 0.024799202143553117,
        "min": 0.8955543637275696,
        "max": 0.9937363266944885
      },
      "tautology_max_resid": 0.015187847170938795,
      "tautology_passes": false,
      "filter2_aborted_poly2": false,
      "poly": {
        "poly1_random": 0.9785024947595543,
        "poly2_random": 0.9489883928970001,
        "poly5_random": 0.9218732045054051,
        "poly1_pc1": 0.9607257029724605,
        "poly2_pc1": 0.9926542876586291,
        "poly5_pc1": 0.8994023829404391
      },
      "eml": {
        "status": "skipped_tautology"
      },
      "best_eml_expr": null
    },
    "ioi": {
      "circuit": "ioi",
      "tag": "qwen36",
      "n": 50,
      "feature_names": [
        "T",
        "L",
        "n_rep",
        "entropy_top50",
        "log_tok_id"
      ],
      "y_stats": {
        "mean": 0.537369130551815,
        "std": 0.19289888985941972,
        "min": 0.11967368423938751,
        "max": 0.8621819615364075
      },
      "tautology_max_resid": 0.4979938855444249,
      "tautology_passes": true,
      "filter2_aborted_poly2": false,
      "poly": {
        "poly1_random": 0.45066074833487957,
        "poly2_random": 0.42743334375636177,
        "poly5_random": 0.38900697516364324,
        "poly1_pc1": -0.8691830698542347,
        "poly2_pc1": -1.1000875924234474,
        "poly5_pc1": -1.740511182379703
      },
      "eml": {
        "d3_random": {
          "mean": 0.36453574944170375,
          "std": 0.0,
          "best": 0.36453574944170375,
          "best_expr": "+0.5601 + (+0.0945) * [eml((x1 - x4), eml((x3 + x4), (x3 + x4)))]",
          "seeds": [
            0.36453574944170375,
            0.36453574944170375,
            0.36453574944170375,
            0.36453574944170375,
            0.36453574944170375
          ]
        },
        "d3_pc1": {
          "mean": -0.39911815265509015,
          "std": 0.48898192952374325,
          "best": 0.19244482903337579,
          "best_expr": "+0.5647 + (+0.0604) * [eml((x3 - x4), eml((x3 + x4), (x3 - x5)))]",
          "seeds": [
            0.19244482903337579,
            -0.7239384204576602,
            0.19244482903337579,
            -0.932603580426882,
            -0.7239384204576602
          ]
        },
        "d4_random": {
          "mean": 0.3690835953515691,
          "std": 0.009095691819730689,