{
  "n": 50,
  "feature": "entropy_top50 only",
  "splits": {
    "random_seed42": {
      "linear": {
        "r2": 0.8876293077567817,
        "intercept": 1.2282999796738547,
        "slope": -0.3554689920414069
      },
      "poly": {
        "K=2": 0.8967850851242799,
        "K=3": 0.8967060838639922,
        "K=5": 0.8931769799283965
      },
      "eml": {
        "d3": {
          "best": -13.250381127049195,
          "median": -13.250381127049195,
          "mean": -13.250381127049195,
          "n_seeds": 10,
          "best_expr": "+0.2016 + (+0.3569) * [eml(1.0613, eml(x, 0.9629))]"
        },
        "d4": {
          "best": 0.8914219701515541,
          "median": 0.8464091478219947,
          "mean": 0.8577022027259151,
          "n_seeds": 10,
          "best_expr": "-34070.4961 + (+0.1354) * [eml(eml(exp(1), eml(exp(1), 1)), exp(x))]"
        }
      }
    }
  }
}